Participant_id	Gender	Age
1	Female	21
2	Male	21
3	Male	21
4	Male	26
5	Male	22
6	Male	27
7	Male	16
8	Male	28
9	Male	28
10	Male	28
11	Male	21
12	Male	25
13	Male	26
14	Male	29
15	Male	28
16	Male	27
17	Male	27
18	Male	25
19	Male	29
20	Male	17
21	Male	25
22	Male	24
23	Male	16
24	Male	23
25	Male	31
26	Male	38
27	Male	31
28	Male	32
29	Male	36
30	Male	37
31	Male	30
32	Male	37
33	Male	31
34	Male	32
35	Male	34
36	Male	30
37	Male	38
38	Male	37
39	Male	35
40	Male	39
41	Male	39
42	Male	46
43	Male	42
44	Male	41
45	Male	45
46	Male	45
47	Male	42
48	Male	40
49	Male	49
50	Male	46
51	Male	45
52	Male	40
53	Male	49
54	Male	48
55	Male	42
56	Male	42
57	Male	40
58	Male	45
59	Male	44
60	Male	40
61	Male	42
62	Male	40
63	Male	42
64	Male	45
65	Male	46
66	Male	43
67	Male	48
68	Male	41
69	Male	44
70	Male	50
71	Male	53
72	Male	53
73	Male	50
74	Male	53
75	Male	54
76	Male	59
77	Male	50
78	Male	58
79	Male	51
80	Male	57
81	Male	54
82	Male	50
83	Male	50
84	Male	57
85	Male	55
86	Male	55
87	Male	50
88	Male	57
89	Male	56
90	Male	59
91	Male	53
92	Male	57
93	Male	57
94	Female	28
95	Female	18
96	Female	29
97	Female	20
98	Female	24
99	Female	27
100	Female	19
101	Female	25
102	Female	24
103	Female	27
104	Female	25
105	Female	18
106	Female	29
107	Female	27
108	Female	26
109	Female	23
110	Female	22
111	Female	27
112	Female	18
113	Female	22
114	Female	19
115	Female	25
116	Female	23
117	Female	28
118	Female	23
119	Female	31
120	Female	36
121	Female	37
122	Female	39
123	Female	38
124	Female	39
125	Female	38
126	Female	34
127	Female	39
128	Female	30
129	Female	35
130	Female	37
131	Female	35
132	Female	31
133	Female	37
134	Female	35
135	Female	38
136	Female	39
137	Female	31
138	Female	35
139	Female	34
140	Female	35
141	Female	33
142	Female	30
143	Female	34
144	Female	35
145	Female	47
146	Female	43
147	Female	42
148	Female	40
149	Female	49
150	Female	40
151	Female	46
152	Female	48
153	Female	45
154	Female	42
155	Female	46
156	Female	42
157	Female	40
158	Female	40
159	Female	47
160	Female	41
161	Female	43
162	Female	47
163	Female	47
164	Female	44
165	Female	49
166	Female	48
167	Female	48
168	Female	47
169	Female	43
170	Female	50
171	Female	50
172	Female	57
173	Female	54
174	Female	50
175	Female	51
176	Female	52
177	Female	57
178	Female	54
179	Female	55
180	Female	52
181	Female	53
182	Female	52
183	Female	56
184	Female	53
185	Female	52
186	Female	54
187	Female	59
188	Female	50
189	Female	53
190	Female	57
191	Female	55
192	Female	57
193	Female	53
194	Female	54
195	Female	52
196	Female	58
197	Female	51
198	Male	25
199	Male	26
200	Male	38
201	Male	42
202	Male	45
203	Male	41
204	Male	41
205	Male	52
206	Male	55
207	Male	58
208	Male	54
209	Female	29
210	Female	30
211	Female	34
212	Female	42
213	Female	41
214	Female	48
215	Female	59
216	Female	52
217	Female	55
218	Male	29
219	Male	24
220	Male	21
221	Male	33
222	Male	38
223	Male	39
224	Male	39
225	Male	38
226	Male	37
227	Male	43
228	Male	59
229	Male	53
230	Female	25
231	Female	19
232	Female	23
233	Female	25
234	Female	29
235	Female	21
236	Female	24
237	Female	23
238	Female	16
239	Female	19
240	Female	22
241	Female	39
242	Female	35
243	Female	33
244	Female	34
245	Female	44
246	Female	46
247	Female	40
248	Female	56
249	Female	55
250	Female	51
251	Female	54
252	Female	57
253	Male	26
254	Male	20
255	Male	26
256	Male	19
257	Female	28
258	Male	27
259	Male	26
260	Male	25
261	Male	32
262	Male	36
263	Male	35
264	Male	39
265	Male	34
266	Male	30
267	Male	37
268	Male	30
269	Male	35
270	Male	47
271	Male	41
272	Male	48
273	Male	42
274	Male	42
275	Male	48
276	Male	47
277	Male	44
278	Male	41
279	Male	48
280	Male	41
281	Male	50
282	Male	57
283	Male	59
284	Male	52
285	Male	59
286	Female	29
287	Female	27
288	Female	24
289	Female	29
290	Female	23
291	Female	25
292	Female	27
293	Female	19
294	Female	26
295	Female	37
296	Female	36
297	Female	31
298	Female	48
299	Female	46
300	Female	49
301	Female	53
302	Female	51
